<?xml version="1.0" encoding="UTF-8"?>
<!DOCTYPE configuration
PUBLIC "-//mybatis.org//DTD Config 3.0//EN"
"http://mybatis.org/dtd/mybatis-3-config.dtd">

<configuration>
	<properties resource="db-config.properties" />
	<!--  
      通过package, 可以直接指定package的名字， mybatis会自动扫描你指定包下面的javabean,  
      并且默认设置一个别名，默认的名字为： javabean 的首字母小写的非限定类名来作为它的别名。  
      也可在javabean 加上注解@Alias 来自定义别名， 例如： @Alias(user)   
      <package name="com.dy.entity"/>  
       --> 
	<typeAliases>
		<package name="com.friday.model" />
	</typeAliases>
	
	<environments default="development">
		<environment id="development">
			<transactionManager type="JDBC" /> <!-- 事务管理器 -->  
			<dataSource type="POOLED">
				<property name="driver" value="${driver}" />
				<property name="url" value="${url}" />
				<property name="username" value="${username}" />
				<property name="password" value="${password}" />
			</dataSource>
		</environment>
	</environments>
	 <!--所有实体类的映射文件--> 
	<mappers>
		<mapper resource="com/friday/mapper/CustomerMapper.xml" />
		<mapper resource="com/friday/mapper/EmployeeMapper.xml" />
		<mapper resource="com/friday/mapper/GoodsBackMapper.xml" />
		<mapper resource="com/friday/mapper/GoodsBackDetailMapper.xml" />
		<mapper resource="com/friday/mapper/InStockMapper.xml" />
		<mapper resource="com/friday/mapper/InStockDetailMapper.xml" />
		<mapper resource="com/friday/mapper/LogMapper.xml" />
		<mapper resource="com/friday/mapper/OrderMapper.xml" />
		<mapper resource="com/friday/mapper/OrderDetailMapper.xml" />
		<mapper resource="com/friday/mapper/OutStockMapper.xml" />
		<mapper resource="com/friday/mapper/OutStockDetailMapper.xml" />
		<mapper resource="com/friday/mapper/ProductMapper.xml" />
		<mapper resource="com/friday/mapper/ProductTypeMapper.xml" />
		<mapper resource="com/friday/mapper/PurchaseRecordMapper.xml" />
		<mapper resource="com/friday/mapper/SellMapper.xml" />
		<mapper resource="com/friday/mapper/SellDetailMapper.xml" />
		<mapper resource="com/friday/mapper/ShopMapper.xml" />
		<mapper resource="com/friday/mapper/StockMapper.xml" />
		<mapper resource="com/friday/mapper/UserMapper.xml" />
	</mappers>
</configuration>