<?xml version="1.0" encoding="UTF-8" ?>
<!DOCTYPE mapper PUBLIC "-//mybatis.org//DTD Mapper 3.0//EN" "http://mybatis.org/dtd/mybatis-3-mapper.dtd" >
<mapper namespace="com.friday.inter.GoodsBackDetailMapper" >
  <resultMap id="BaseResultMap" type="com.friday.model.GoodsBackDetail" >
    <id column="g_id" property="gId" jdbcType="INTEGER" />
    <result column="goodsBack_id" property="goodsbackId" jdbcType="INTEGER" />
    <result column="p_id" property="pId" jdbcType="INTEGER" />
    <result column="g_num" property="gNum" jdbcType="INTEGER" />
  </resultMap>
  <sql id="Base_Column_List" >
    g_id, goodsBack_id, p_id, g_num
  </sql>
  <select id="selectByPrimaryKey" resultMap="BaseResultMap" parameterType="java.lang.Integer" >
    select 
    <include refid="Base_Column_List" />
    from goodsbackdetails
    where g_id = #{gId,jdbcType=INTEGER}
  </select>
  <select id="selectByBackId" resultMap="BaseResultMap" parameterType="java.lang.Integer" >
    select 
    <include refid="Base_Column_List" />
    from goodsbackdetails
    where goodsBack_id = #{bId,jdbcType=INTEGER}
  </select>
  <delete id="deleteByPrimaryKey" parameterType="java.lang.Integer" >
    delete from goodsbackdetails
    where g_id = #{gId,jdbcType=INTEGER}
  </delete>
  <insert id="insert" parameterType="com.friday.model.GoodsBackDetail" >
    insert into goodsbackdetails (g_id, goodsBack_id, p_id, 
      g_num)
    values (#{gId,jdbcType=INTEGER}, #{goodsbackId,jdbcType=INTEGER}, #{pId,jdbcType=INTEGER}, 
      #{gNum,jdbcType=INTEGER})
  </insert>
  <insert id="insertSelective" parameterType="com.friday.model.GoodsBackDetail" >
    insert into goodsbackdetails
    <trim prefix="(" suffix=")" suffixOverrides="," >
      <if test="gId != null" >
        g_id,
      </if>
      <if test="goodsbackId != null" >
        goodsBack_id,
      </if>
      <if test="pId != null" >
        p_id,
      </if>
      <if test="gNum != null" >
        g_num,
      </if>
    </trim>
    <trim prefix="values (" suffix=")" suffixOverrides="," >
      <if test="gId != null" >
        #{gId,jdbcType=INTEGER},
      </if>
      <if test="goodsbackId != null" >
        #{goodsbackId,jdbcType=INTEGER},
      </if>
      <if test="pId != null" >
        #{pId,jdbcType=INTEGER},
      </if>
      <if test="gNum != null" >
        #{gNum,jdbcType=INTEGER},
      </if>
    </trim>
  </insert>
  <update id="updateByPrimaryKeySelective" parameterType="com.friday.model.GoodsBackDetail" >
    update goodsbackdetails
    <set >
      <if test="goodsbackId != null" >
        goodsBack_id = #{goodsbackId,jdbcType=INTEGER},
      </if>
      <if test="pId != null" >
        p_id = #{pId,jdbcType=INTEGER},
      </if>
      <if test="gNum != null" >
        g_num = #{gNum,jdbcType=INTEGER},
      </if>
    </set>
    where g_id = #{gId,jdbcType=INTEGER}
  </update>
  <update id="updateByPrimaryKey" parameterType="com.friday.model.GoodsBackDetail" >
    update goodsbackdetails
    set goodsBack_id = #{goodsbackId,jdbcType=INTEGER},
      p_id = #{pId,jdbcType=INTEGER},
      g_num = #{gNum,jdbcType=INTEGER}
    where g_id = #{gId,jdbcType=INTEGER}
  </update>
</mapper>