<?xml version="1.0" encoding="UTF-8" ?>
<!DOCTYPE mapper PUBLIC "-//mybatis.org//DTD Mapper 3.0//EN" "http://mybatis.org/dtd/mybatis-3-mapper.dtd" >
<mapper namespace="com.friday.inter.OrderDetailMapper" >
  <resultMap id="BaseResultMap" type="com.friday.model.OrderDetail" >
    <id column="o_id" property="oId" jdbcType="INTEGER" />
    <result column="order_id" property="orderId" jdbcType="VARCHAR" />
    <result column="p_id" property="pId" jdbcType="INTEGER" />
    <result column="o_num" property="oNum" jdbcType="INTEGER" />
    <result column="o_inNum" property="oInnum" jdbcType="INTEGER" />
  </resultMap>
  <sql id="Base_Column_List" >
    o_id, order_id, p_id, o_num, o_inNum
  </sql>
  <select id="selectByPrimaryKey" resultMap="BaseResultMap" parameterType="java.lang.Integer" >
    select 
    <include refid="Base_Column_List" />
    from ordersdetails
    where o_id = #{oId,jdbcType=INTEGER}
  </select>
  <select id="selectByOrderId" resultMap="BaseResultMap" parameterType="java.lang.String" >
    select 
    <include refid="Base_Column_List" />
    from ordersdetails
    where order_id = #{orderId,jdbcType=VARCHAR}
  </select>
  <delete id="deleteByPrimaryKey" parameterType="java.lang.Integer" >
    delete from ordersdetails
    where o_id = #{oId,jdbcType=INTEGER}
  </delete>
  <insert id="insert" parameterType="com.friday.model.OrderDetail" >
    insert into ordersdetails (o_id, order_id, p_id, 
      o_num, o_inNum)
    values (#{oId,jdbcType=INTEGER}, #{orderId,jdbcType=VARCHAR}, #{pId,jdbcType=INTEGER}, 
      #{oNum,jdbcType=INTEGER}, #{oInnum,jdbcType=INTEGER})
  </insert>
  <insert id="insertSelective" parameterType="com.friday.model.OrderDetail" >
    insert into ordersdetails
    <trim prefix="(" suffix=")" suffixOverrides="," >
      <if test="oId != null" >
        o_id,
      </if>
      <if test="orderId != null" >
        order_id,
      </if>
      <if test="pId != null" >
        p_id,
      </if>
      <if test="oNum != null" >
        o_num,
      </if>
      <if test="oInnum != null" >
        o_inNum,
      </if>
    </trim>
    <trim prefix="values (" suffix=")" suffixOverrides="," >
      <if test="oId != null" >
        #{oId,jdbcType=INTEGER},
      </if>
      <if test="orderId != null" >
        #{orderId,jdbcType=VARCHAR},
      </if>
      <if test="pId != null" >
        #{pId,jdbcType=INTEGER},
      </if>
      <if test="oNum != null" >
        #{oNum,jdbcType=INTEGER},
      </if>
      <if test="oInnum != null" >
        #{oInnum,jdbcType=INTEGER},
      </if>
    </trim>
  </insert>
  <update id="updateByPrimaryKeySelective" parameterType="com.friday.model.OrderDetail" >
    update ordersdetails
    <set >
      <if test="orderId != null" >
        order_id = #{orderId,jdbcType=VARCHAR},
      </if>
      <if test="pId != null" >
        p_id = #{pId,jdbcType=INTEGER},
      </if>
      <if test="oNum != null" >
        o_num = #{oNum,jdbcType=INTEGER},
      </if>
      <if test="oInnum != null" >
        o_inNum = #{oInnum,jdbcType=INTEGER},
      </if>
    </set>
    where o_id = #{oId,jdbcType=INTEGER}
  </update>
  <update id="updateByPrimaryKey" parameterType="com.friday.model.OrderDetail" >
    update ordersdetails
    set order_id = #{orderId,jdbcType=VARCHAR},
      p_id = #{pId,jdbcType=INTEGER},
      o_num = #{oNum,jdbcType=INTEGER},
      o_inNum = #{oInnum,jdbcType=INTEGER}
    where o_id = #{oId,jdbcType=INTEGER}
  </update>
</mapper>