<?xml version="1.0" encoding="UTF-8" ?>
<!DOCTYPE mapper PUBLIC "-//mybatis.org//DTD Mapper 3.0//EN" "http://mybatis.org/dtd/mybatis-3-mapper.dtd" >
<mapper namespace="com.friday.inter.OutStockDetailMapper" >
  <resultMap id="BaseResultMap" type="com.friday.model.OutStockDetail" >
    <id column="o_id" property="oId" jdbcType="INTEGER" />
    <result column="outStock_id" property="outstockId" jdbcType="INTEGER" />
    <result column="p_id" property="pId" jdbcType="INTEGER" />
    <result column="o_num" property="oNum" jdbcType="INTEGER" />
  </resultMap>
  <sql id="Base_Column_List" >
    o_id, outStock_id, p_id, o_num
  </sql>
  <select id="selectByPrimaryKey" resultMap="BaseResultMap" parameterType="java.lang.Integer" >
    select 
    <include refid="Base_Column_List" />
    from outstockdetails
    where o_id = #{oId,jdbcType=INTEGER}
  </select>
  <select id="selectByOutStocksId" resultMap="BaseResultMap" parameterType="java.lang.Integer" >
    select 
    <include refid="Base_Column_List" />
    from outstockdetails
    where outStock_id = #{oId,jdbcType=INTEGER}
  </select>
  <delete id="deleteByPrimaryKey" parameterType="java.lang.Integer" >
    delete from outstockdetails
    where o_id = #{oId,jdbcType=INTEGER}
  </delete>
  <insert id="insert" parameterType="com.friday.model.OutStockDetail" >
    insert into outstockdetails (o_id, outStock_id, p_id, 
      o_num)
    values (#{oId,jdbcType=INTEGER}, #{outstockId,jdbcType=INTEGER}, #{pId,jdbcType=INTEGER}, 
      #{oNum,jdbcType=INTEGER})
  </insert>
  <insert id="insertSelective" parameterType="com.friday.model.OutStockDetail" >
    insert into outstockdetails
    <trim prefix="(" suffix=")" suffixOverrides="," >
      <if test="oId != null" >
        o_id,
      </if>
      <if test="outstockId != null" >
        outStock_id,
      </if>
      <if test="pId != null" >
        p_id,
      </if>
      <if test="oNum != null" >
        o_num,
      </if>
    </trim>
    <trim prefix="values (" suffix=")" suffixOverrides="," >
      <if test="oId != null" >
        #{oId,jdbcType=INTEGER},
      </if>
      <if test="outstockId != null" >
        #{outstockId,jdbcType=INTEGER},
      </if>
      <if test="pId != null" >
        #{pId,jdbcType=INTEGER},
      </if>
      <if test="oNum != null" >
        #{oNum,jdbcType=INTEGER},
      </if>
    </trim>
  </insert>
  <update id="updateByPrimaryKeySelective" parameterType="com.friday.model.OutStockDetail" >
    update outstockdetails
    <set >
      <if test="outstockId != null" >
        outStock_id = #{outstockId,jdbcType=INTEGER},
      </if>
      <if test="pId != null" >
        p_id = #{pId,jdbcType=INTEGER},
      </if>
      <if test="oNum != null" >
        o_num = #{oNum,jdbcType=INTEGER},
      </if>
    </set>
    where o_id = #{oId,jdbcType=INTEGER}
  </update>
  <update id="updateByPrimaryKey" parameterType="com.friday.model.OutStockDetail" >
    update outstockdetails
    set outStock_id = #{outstockId,jdbcType=INTEGER},
      p_id = #{pId,jdbcType=INTEGER},
      o_num = #{oNum,jdbcType=INTEGER}
    where o_id = #{oId,jdbcType=INTEGER}
  </update>
</mapper>