<?xml version="1.0" encoding="UTF-8" ?>
<!DOCTYPE mapper PUBLIC "-//mybatis.org//DTD Mapper 3.0//EN" "http://mybatis.org/dtd/mybatis-3-mapper.dtd" >
<mapper namespace="com.friday.inter.PurchaseRecordMapper" >
  <resultMap id="BaseResultMap" type="com.friday.model.PurchaseRecord" >
    <id column="r_id" property="rId" jdbcType="INTEGER" />
    <result column="c_id" property="cId" jdbcType="INTEGER" />
    <result column="p_id" property="pId" jdbcType="INTEGER" />
    <result column="t_id" property="tId" jdbcType="INTEGER" />
  </resultMap>
  <sql id="Base_Column_List" >
    r_id, c_id, p_id, t_id
  </sql>
  <select id="selectByPrimaryKey" resultMap="BaseResultMap" parameterType="java.lang.Integer" >
    select 
    <include refid="Base_Column_List" />
    from purchaserecord
    where r_id = #{rId,jdbcType=INTEGER}
  </select>
  <delete id="deleteByPrimaryKey" parameterType="java.lang.Integer" >
    delete from purchaserecord
    where r_id = #{rId,jdbcType=INTEGER}
  </delete>
  <insert id="insert" parameterType="com.friday.model.PurchaseRecord" >
    insert into purchaserecord (r_id, c_id, p_id, 
      t_id)
    values (#{rId,jdbcType=INTEGER}, #{cId,jdbcType=INTEGER}, #{pId,jdbcType=INTEGER}, 
      #{tId,jdbcType=INTEGER})
  </insert>
  <insert id="insertSelective" parameterType="com.friday.model.PurchaseRecord" >
    insert into purchaserecord
    <trim prefix="(" suffix=")" suffixOverrides="," >
      <if test="rId != null" >
        r_id,
      </if>
      <if test="cId != null" >
        c_id,
      </if>
      <if test="pId != null" >
        p_id,
      </if>
      <if test="tId != null" >
        t_id,
      </if>
    </trim>
    <trim prefix="values (" suffix=")" suffixOverrides="," >
      <if test="rId != null" >
        #{rId,jdbcType=INTEGER},
      </if>
      <if test="cId != null" >
        #{cId,jdbcType=INTEGER},
      </if>
      <if test="pId != null" >
        #{pId,jdbcType=INTEGER},
      </if>
      <if test="tId != null" >
        #{tId,jdbcType=INTEGER},
      </if>
    </trim>
  </insert>
  <update id="updateByPrimaryKeySelective" parameterType="com.friday.model.PurchaseRecord" >
    update purchaserecord
    <set >
      <if test="cId != null" >
        c_id = #{cId,jdbcType=INTEGER},
      </if>
      <if test="pId != null" >
        p_id = #{pId,jdbcType=INTEGER},
      </if>
      <if test="tId != null" >
        t_id = #{tId,jdbcType=INTEGER},
      </if>
    </set>
    where r_id = #{rId,jdbcType=INTEGER}
  </update>
  <update id="updateByPrimaryKey" parameterType="com.friday.model.PurchaseRecord" >
    update purchaserecord
    set c_id = #{cId,jdbcType=INTEGER},
      p_id = #{pId,jdbcType=INTEGER},
      t_id = #{tId,jdbcType=INTEGER}
    where r_id = #{rId,jdbcType=INTEGER}
  </update>
</mapper>